attacker_strategy,0.25,0.41,0.475,0.56,0.7
paraphrase,0.03125,0.021875,0.01875,0.021875,0.05625
obfuscation,0.03125,0.034375,0.03125,0.034375,0.06875
roleplay_wrapping,0.03125,0.021875,0.01875,0.021875,0.03125
encoding,0.03125,0.021875,0.01875,0.009375,0.00625
nested_injection,0.03125,0.034375,0.04375,0.071875,0.23125
